id,payload
366FYU4PTGU140DUI0N9I2TACTAKEI_A1O9KH81C40LKG,"{""Wiki_Title"": ""Hurricane Irma"", ""Claim_Sentence"": ""Hurricane Irma was an extremely powerful Cape Verde hurricane that caused widespread destruction across its path in early September 2017."", ""Extracted_Claims"": [""Hurricane Irma was a Cape Verde hurricane"", ""Hurricane Irma was extremely powerful"", ""Hurricane Irma caused widespread destruction"", ""Hurricane Irma occurred in early September 2017""], ""Video_Url"": ""http://cs.jhu.edu/~amart233/videos/0fXN4hBjQQg.mp4"", ""Video_Answers"": [false, false, true, false], ""Audio_Answers"": [false, true, true, false], ""OCR_Answers"": [false, true, false, false], ""Neither_Answers"": [true, false, false, true]}"
366FYU4PTGU140DUI0N9I2TACTAKEI_A11AN2HEMADVQS,"{""Wiki_Title"": ""Hurricane Irma"", ""Claim_Sentence"": ""Hurricane Irma was an extremely powerful Cape Verde hurricane that caused widespread destruction across its path in early September 2017."", ""Extracted_Claims"": [""Hurricane Irma was a Cape Verde hurricane"", ""Hurricane Irma was extremely powerful"", ""Hurricane Irma caused widespread destruction"", ""Hurricane Irma occurred in early September 2017""], ""Video_Url"": ""http://cs.jhu.edu/~amart233/videos/0fXN4hBjQQg.mp4"", ""Video_Answers"": [false, true, true, false], ""Audio_Answers"": [false, true, true, false], ""OCR_Answers"": [false, true, true, false], ""Neither_Answers"": [true, false, false, true]}"
366FYU4PTGU140DUI0N9I2TACTAKEI_A21H4IRGU6ORSZ,"{""Wiki_Title"": ""Hurricane Irma"", ""Claim_Sentence"": ""Hurricane Irma was an extremely powerful Cape Verde hurricane that caused widespread destruction across its path in early September 2017."", ""Extracted_Claims"": [""Hurricane Irma was a Cape Verde hurricane"", ""Hurricane Irma was extremely powerful"", ""Hurricane Irma caused widespread destruction"", ""Hurricane Irma occurred in early September 2017""], ""Video_Url"": ""http://cs.jhu.edu/~amart233/videos/0fXN4hBjQQg.mp4"", ""Video_Answers"": [false, true, true, false], ""Audio_Answers"": [false, true, true, true], ""OCR_Answers"": [false, true, true, true], ""Neither_Answers"": [true, false, false, false]}"
366FYU4PTGU140DUI0N9I2TACTAKEI_A11J530JMR0EVG,"{""Wiki_Title"": ""Hurricane Irma"", ""Claim_Sentence"": ""Hurricane Irma was an extremely powerful Cape Verde hurricane that caused widespread destruction across its path in early September 2017."", ""Extracted_Claims"": [""Hurricane Irma was a Cape Verde hurricane"", ""Hurricane Irma was extremely powerful"", ""Hurricane Irma caused widespread destruction"", ""Hurricane Irma occurred in early September 2017""], ""Video_Url"": ""http://cs.jhu.edu/~amart233/videos/0fXN4hBjQQg.mp4"", ""Video_Answers"": [false, false, false, false], ""Audio_Answers"": [false, true, true, false], ""OCR_Answers"": [false, true, true, false], ""Neither_Answers"": [true, false, false, true]}"
373L46LKP7B9FGZMW1Y0FI62H16KJ3_A1O9KH81C40LKG,"{""Wiki_Title"": ""Hurricane Irma"", ""Claim_Sentence"": ""On September 4, Irma resumed intensifying, becoming a Category 5 hurricane by early on the next day."", ""Extracted_Claims"": [""Irma resumed intensifying on September 4"", ""Irma became a Category 5 hurricane by early September 5\n"", ""Irma became a Category 5 hurricane""], ""Video_Url"": ""http://cs.jhu.edu/~amart233/videos/0fXN4hBjQQg.mp4"", ""Video_Answers"": [false, false, false], ""Audio_Answers"": [false, false, true], ""OCR_Answers"": [true, true, true], ""Neither_Answers"": [false, false, false]}"
373L46LKP7B9FGZMW1Y0FI62H16KJ3_A21H4IRGU6ORSZ,"{""Wiki_Title"": ""Hurricane Irma"", ""Claim_Sentence"": ""On September 4, Irma resumed intensifying, becoming a Category 5 hurricane by early on the next day."", ""Extracted_Claims"": [""Irma resumed intensifying on September 4"", ""Irma became a Category 5 hurricane by early September 5\n"", ""Irma became a Category 5 hurricane""], ""Video_Url"": ""http://cs.jhu.edu/~amart233/videos/0fXN4hBjQQg.mp4"", ""Video_Answers"": [false, false, false], ""Audio_Answers"": [true, true, true], ""OCR_Answers"": [true, true, true], ""Neither_Answers"": [false, false, false]}"
373L46LKP7B9FGZMW1Y0FI62H16KJ3_A11J530JMR0EVG,"{""Wiki_Title"": ""Hurricane Irma"", ""Claim_Sentence"": ""On September 4, Irma resumed intensifying, becoming a Category 5 hurricane by early on the next day."", ""Extracted_Claims"": [""Irma resumed intensifying on September 4"", ""Irma became a Category 5 hurricane by early September 5\n"", ""Irma became a Category 5 hurricane""], ""Video_Url"": ""http://cs.jhu.edu/~amart233/videos/0fXN4hBjQQg.mp4"", ""Video_Answers"": [false, false, false], ""Audio_Answers"": [false, false, true], ""OCR_Answers"": [true, true, true], ""Neither_Answers"": [false, false, false]}"
373L46LKP7B9FGZMW1Y0FI62H16KJ3_A11AN2HEMADVQS,"{""Wiki_Title"": ""Hurricane Irma"", ""Claim_Sentence"": ""On September 4, Irma resumed intensifying, becoming a Category 5 hurricane by early on the next day."", ""Extracted_Claims"": [""Irma resumed intensifying on September 4"", ""Irma became a Category 5 hurricane by early September 5\n"", ""Irma became a Category 5 hurricane""], ""Video_Url"": ""http://cs.jhu.edu/~amart233/videos/0fXN4hBjQQg.mp4"", ""Video_Answers"": [false, false, false], ""Audio_Answers"": [false, false, true], ""OCR_Answers"": [true, true, true], ""Neither_Answers"": [false, false, false]}"
37PGLWGSJTBDK5FGEJD03HR24MHKIR_A11J530JMR0EVG,"{""Wiki_Title"": ""Hurricane Irma"", ""Claim_Sentence"": ""It was also the most intense hurricane to strike the continental United States since Katrina in 2005, the first major hurricane to make landfall in Florida since Wilma in the same year, and the first Category 4 hurricane to strike the state since Charley in 2004."", ""Extracted_Claims"": [""Hurricane Irma struck the continental United States"", ""Hurricane Irma was more intense than any hurricane that hit the continental United States since 2005"", ""Hurricane Irma made landfall in Florida"", ""Hurricane Irma was a Category 4 hurricane when it struck Florida"", ""Hurricane Katrina struck the continental United States"", ""Hurricane Katrina occurred in 2005"", ""Hurricane Wilma occurred in 2017"", ""Hurricane Wilma made landfall in Florida"", ""Hurricane Charley was a Category 4 hurricane when it struck Florida"", ""Hurricane Charley made landfall in Florida"", ""Hurricane Charley occurred in 2004"", ""No Category 4 hurricanes struck Florida from 2004 to 2017"", ""No hurricanes made landfall in Florida between Wilma and Irma""], ""Video_Url"": ""http://cs.jhu.edu/~amart233/videos/0fXN4hBjQQg.mp4"", ""Video_Answers"": [true, false, true, false, false, false, false, false, false, false, false, false, false], ""Audio_Answers"": [true, false, true, false, false, false, false, false, false, false, false, false, false], ""OCR_Answers"": [true, false, true, false, false, false, false, false, false, false, false, false, false], ""Neither_Answers"": [false, true, false, true, true, true, true, true, true, true, true, true, true]}"
37PGLWGSJTBDK5FGEJD03HR24MHKIR_A1O9KH81C40LKG,"{""Wiki_Title"": ""Hurricane Irma"", ""Claim_Sentence"": ""It was also the most intense hurricane to strike the continental United States since Katrina in 2005, the first major hurricane to make landfall in Florida since Wilma in the same year, and the first Category 4 hurricane to strike the state since Charley in 2004."", ""Extracted_Claims"": [""Hurricane Irma struck the continental United States"", ""Hurricane Irma was more intense than any hurricane that hit the continental United States since 2005"", ""Hurricane Irma made landfall in Florida"", ""Hurricane Irma was a Category 4 hurricane when it struck Florida"", ""Hurricane Katrina struck the continental United States"", ""Hurricane Katrina occurred in 2005"", ""Hurricane Wilma occurred in 2017"", ""Hurricane Wilma made landfall in Florida"", ""Hurricane Charley was a Category 4 hurricane when it struck Florida"", ""Hurricane Charley made landfall in Florida"", ""Hurricane Charley occurred in 2004"", ""No Category 4 hurricanes struck Florida from 2004 to 2017"", ""No hurricanes made landfall in Florida between Wilma and Irma""], ""Video_Url"": ""http://cs.jhu.edu/~amart233/videos/0fXN4hBjQQg.mp4"", ""Video_Answers"": [true, false, true, true, false, false, false, false, false, false, false, false, false], ""Audio_Answers"": [true, false, true, false, false, false, false, false, false, false, false, false, false], ""OCR_Answers"": [false, false, false, true, false, false, false, false, false, false, false, false, false], ""Neither_Answers"": [false, true, false, false, true, true, true, true, true, true, true, true, true]}"
37PGLWGSJTBDK5FGEJD03HR24MHKIR_A21H4IRGU6ORSZ,"{""Wiki_Title"": ""Hurricane Irma"", ""Claim_Sentence"": ""It was also the most intense hurricane to strike the continental United States since Katrina in 2005, the first major hurricane to make landfall in Florida since Wilma in the same year, and the first Category 4 hurricane to strike the state since Charley in 2004."", ""Extracted_Claims"": [""Hurricane Irma struck the continental United States"", ""Hurricane Irma was more intense than any hurricane that hit the continental United States since 2005"", ""Hurricane Irma made landfall in Florida"", ""Hurricane Irma was a Category 4 hurricane when it struck Florida"", ""Hurricane Katrina struck the continental United States"", ""Hurricane Katrina occurred in 2005"", ""Hurricane Wilma occurred in 2017"", ""Hurricane Wilma made landfall in Florida"", ""Hurricane Charley was a Category 4 hurricane when it struck Florida"", ""Hurricane Charley made landfall in Florida"", ""Hurricane Charley occurred in 2004"", ""No Category 4 hurricanes struck Florida from 2004 to 2017"", ""No hurricanes made landfall in Florida between Wilma and Irma""], ""Video_Url"": ""http://cs.jhu.edu/~amart233/videos/0fXN4hBjQQg.mp4"", ""Video_Answers"": [false, false, false, false, false, false, false, false, false, false, false, false, false], ""Audio_Answers"": [true, false, true, false, false, false, false, false, false, false, false, false, false], ""OCR_Answers"": [true, false, true, false, false, false, false, false, false, false, false, false, false], ""Neither_Answers"": [false, true, false, true, true, true, true, true, true, true, true, true, true]}"
37PGLWGSJTBDK5FGEJD03HR24MHKIR_A11AN2HEMADVQS,"{""Wiki_Title"": ""Hurricane Irma"", ""Claim_Sentence"": ""It was also the most intense hurricane to strike the continental United States since Katrina in 2005, the first major hurricane to make landfall in Florida since Wilma in the same year, and the first Category 4 hurricane to strike the state since Charley in 2004."", ""Extracted_Claims"": [""Hurricane Irma struck the continental United States"", ""Hurricane Irma was more intense than any hurricane that hit the continental United States since 2005"", ""Hurricane Irma made landfall in Florida"", ""Hurricane Irma was a Category 4 hurricane when it struck Florida"", ""Hurricane Katrina struck the continental United States"", ""Hurricane Katrina occurred in 2005"", ""Hurricane Wilma occurred in 2017"", ""Hurricane Wilma made landfall in Florida"", ""Hurricane Charley was a Category 4 hurricane when it struck Florida"", ""Hurricane Charley made landfall in Florida"", ""Hurricane Charley occurred in 2004"", ""No Category 4 hurricanes struck Florida from 2004 to 2017"", ""No hurricanes made landfall in Florida between Wilma and Irma""], ""Video_Url"": ""http://cs.jhu.edu/~amart233/videos/0fXN4hBjQQg.mp4"", ""Video_Answers"": [true, false, true, true, false, false, false, false, false, false, false, false, false], ""Audio_Answers"": [true, true, true, false, false, false, false, false, false, false, false, false, false], ""OCR_Answers"": [false, true, true, false, false, false, false, false, false, false, false, false, false], ""Neither_Answers"": [false, false, false, false, true, true, true, true, true, true, true, true, true]}"
38G0E1M85MAW974S74GLOTQUEFBUVV_A1O9KH81C40LKG,"{""Wiki_Title"": ""Notre-Dame fire"", ""Claim_Sentence"": ""The fire contaminated the site and nearby areas of Paris with toxic dust and lead."", ""Extracted_Claims"": [""The fire contaminated the site"", ""The fire contaminated nearby areas of Paris"", ""The contamination included toxic dust"", ""The contamination included lead""], ""Video_Url"": ""http://cs.jhu.edu/~amart233/videos/3QtYT_Ac9Kc.mp4"", ""Video_Answers"": [false, false, false, false], ""Audio_Answers"": [false, false, false, false], ""OCR_Answers"": [false, false, false, false], ""Neither_Answers"": [true, true, true, true]}"
38G0E1M85MAW974S74GLOTQUEFBUVV_A11J530JMR0EVG,"{""Wiki_Title"": ""Notre-Dame fire"", ""Claim_Sentence"": ""The fire contaminated the site and nearby areas of Paris with toxic dust and lead."", ""Extracted_Claims"": [""The fire contaminated the site"", ""The fire contaminated nearby areas of Paris"", ""The contamination included toxic dust"", ""The contamination included lead""], ""Video_Url"": ""http://cs.jhu.edu/~amart233/videos/3QtYT_Ac9Kc.mp4"", ""Video_Answers"": [false, false, false, false], ""Audio_Answers"": [false, false, false, false], ""OCR_Answers"": [false, false, false, false], ""Neither_Answers"": [true, true, true, true]}"
38G0E1M85MAW974S74GLOTQUEFBUVV_A21H4IRGU6ORSZ,"{""Wiki_Title"": ""Notre-Dame fire"", ""Claim_Sentence"": ""The fire contaminated the site and nearby areas of Paris with toxic dust and lead."", ""Extracted_Claims"": [""The fire contaminated the site"", ""The fire contaminated nearby areas of Paris"", ""The contamination included toxic dust"", ""The contamination included lead""], ""Video_Url"": ""http://cs.jhu.edu/~amart233/videos/3QtYT_Ac9Kc.mp4"", ""Video_Answers"": [false, false, false, false], ""Audio_Answers"": [false, false, false, false], ""OCR_Answers"": [false, false, false, false], ""Neither_Answers"": [true, true, true, true]}"
38G0E1M85MAW974S74GLOTQUEFBUVV_A11AN2HEMADVQS,"{""Wiki_Title"": ""Notre-Dame fire"", ""Claim_Sentence"": ""The fire contaminated the site and nearby areas of Paris with toxic dust and lead."", ""Extracted_Claims"": [""The fire contaminated the site"", ""The fire contaminated nearby areas of Paris"", ""The contamination included toxic dust"", ""The contamination included lead""], ""Video_Url"": ""http://cs.jhu.edu/~amart233/videos/3QtYT_Ac9Kc.mp4"", ""Video_Answers"": [true, true, true, false], ""Audio_Answers"": [false, false, false, false], ""OCR_Answers"": [false, false, false, false], ""Neither_Answers"": [false, false, false, true]}"
3FHTJGYT8N50Z5611NI5EM0LJJVPG5_A1O9KH81C40LKG,"{""Wiki_Title"": ""Hurricane Irma"", ""Claim_Sentence"": ""Another eyewall replacement cycle caused Irma to weaken back to a Category 4 hurricane, but the storm re-attained Category 5 status before making landfall in Cuba."", ""Extracted_Claims"": [""Irma experienced an eyewall replacement cycle"", ""An eyewall replacement cycle caused Irma weaken"", ""Irma weakened from a Category 5 to Category 4 hurricane"", ""Irma regained Category 5 status before making landfall in Cuba"", ""Irma made landfall in Cuba""], ""Video_Url"": ""http://cs.jhu.edu/~amart233/videos/0fXN4hBjQQg.mp4"", ""Video_Answers"": [false, false, false, false, false], ""Audio_Answers"": [false, false, false, false, false], ""OCR_Answers"": [false, false, true, false, false], ""Neither_Answers"": [true, true, false, true, true]}"
3FHTJGYT8N50Z5611NI5EM0LJJVPG5_A11J530JMR0EVG,"{""Wiki_Title"": ""Hurricane Irma"", ""Claim_Sentence"": ""Another eyewall replacement cycle caused Irma to weaken back to a Category 4 hurricane, but the storm re-attained Category 5 status before making landfall in Cuba."", ""Extracted_Claims"": [""Irma experienced an eyewall replacement cycle"", ""An eyewall replacement cycle caused Irma weaken"", ""Irma weakened from a Category 5 to Category 4 hurricane"", ""Irma regained Category 5 status before making landfall in Cuba"", ""Irma made landfall in Cuba""], ""Video_Url"": ""http://cs.jhu.edu/~amart233/videos/0fXN4hBjQQg.mp4"", ""Video_Answers"": [false, false, false, true, true], ""Audio_Answers"": [false, false, false, true, true], ""OCR_Answers"": [false, false, true, true, false], ""Neither_Answers"": [true, true, false, false, false]}"
3FHTJGYT8N50Z5611NI5EM0LJJVPG5_A11AN2HEMADVQS,"{""Wiki_Title"": ""Hurricane Irma"", ""Claim_Sentence"": ""Another eyewall replacement cycle caused Irma to weaken back to a Category 4 hurricane, but the storm re-attained Category 5 status before making landfall in Cuba."", ""Extracted_Claims"": [""Irma experienced an eyewall replacement cycle"", ""An eyewall replacement cycle caused Irma weaken"", ""Irma weakened from a Category 5 to Category 4 hurricane"", ""Irma regained Category 5 status before making landfall in Cuba"", ""Irma made landfall in Cuba""], ""Video_Url"": ""http://cs.jhu.edu/~amart233/videos/0fXN4hBjQQg.mp4"", ""Video_Answers"": [false, false, false, false, true], ""Audio_Answers"": [false, false, false, true, true], ""OCR_Answers"": [false, false, true, true, false], ""Neither_Answers"": [true, true, false, false, false]}"
3FHTJGYT8N50Z5611NI5EM0LJJVPG5_A21H4IRGU6ORSZ,"{""Wiki_Title"": ""Hurricane Irma"", ""Claim_Sentence"": ""Another eyewall replacement cycle caused Irma to weaken back to a Category 4 hurricane, but the storm re-attained Category 5 status before making landfall in Cuba."", ""Extracted_Claims"": [""Irma experienced an eyewall replacement cycle"", ""An eyewall replacement cycle caused Irma weaken"", ""Irma weakened from a Category 5 to Category 4 hurricane"", ""Irma regained Category 5 status before making landfall in Cuba"", ""Irma made landfall in Cuba""], ""Video_Url"": ""http://cs.jhu.edu/~amart233/videos/0fXN4hBjQQg.mp4"", ""Video_Answers"": [false, false, false, false, true], ""Audio_Answers"": [false, false, false, true, true], ""OCR_Answers"": [false, false, true, true, true], ""Neither_Answers"": [true, true, false, false, false]}"
3GKAWYFRAPYXNLWAZXHX81XO6RFPDV_A11J530JMR0EVG,"{""Wiki_Title"": ""Notre-Dame fire"", ""Claim_Sentence"": ""By the time the fire was extinguished, the cathedral's wooden spire (fl\u00e8che) had collapsed, most of the wooden roof had been destroyed, and the cathedral's upper walls were severely damaged."", ""Extracted_Claims"": [""The fire was extinguished"", ""The cathedral's wooden spire (fl\u00e8che) collapsed"", ""Most of the cathedral's wooden roof was destroyed"", ""The cathedral's upper walls were severely damaged""], ""Video_Url"": ""http://cs.jhu.edu/~amart233/videos/3QtYT_Ac9Kc.mp4"", ""Video_Answers"": [false, true, false, false], ""Audio_Answers"": [false, true, false, false], ""OCR_Answers"": [false, false, false, false], ""Neither_Answers"": [true, false, true, true]}"
3GKAWYFRAPYXNLWAZXHX81XO6RFPDV_A21H4IRGU6ORSZ,"{""Wiki_Title"": ""Notre-Dame fire"", ""Claim_Sentence"": ""By the time the fire was extinguished, the cathedral's wooden spire (fl\u00e8che) had collapsed, most of the wooden roof had been destroyed, and the cathedral's upper walls were severely damaged."", ""Extracted_Claims"": [""The fire was extinguished"", ""The cathedral's wooden spire (fl\u00e8che) collapsed"", ""Most of the cathedral's wooden roof was destroyed"", ""The cathedral's upper walls were severely damaged""], ""Video_Url"": ""http://cs.jhu.edu/~amart233/videos/3QtYT_Ac9Kc.mp4"", ""Video_Answers"": [false, true, false, true], ""Audio_Answers"": [false, false, false, false], ""OCR_Answers"": [false, false, false, false], ""Neither_Answers"": [true, false, true, false]}"
3GKAWYFRAPYXNLWAZXHX81XO6RFPDV_A1O9KH81C40LKG,"{""Wiki_Title"": ""Notre-Dame fire"", ""Claim_Sentence"": ""By the time the fire was extinguished, the cathedral's wooden spire (fl\u00e8che) had collapsed, most of the wooden roof had been destroyed, and the cathedral's upper walls were severely damaged."", ""Extracted_Claims"": [""The fire was extinguished"", ""The cathedral's wooden spire (fl\u00e8che) collapsed"", ""Most of the cathedral's wooden roof was destroyed"", ""The cathedral's upper walls were severely damaged""], ""Video_Url"": ""http://cs.jhu.edu/~amart233/videos/3QtYT_Ac9Kc.mp4"", ""Video_Answers"": [false, true, false, false], ""Audio_Answers"": [false, false, false, false], ""OCR_Answers"": [false, false, false, false], ""Neither_Answers"": [true, false, true, true]}"
3GKAWYFRAPYXNLWAZXHX81XO6RFPDV_A11AN2HEMADVQS,"{""Wiki_Title"": ""Notre-Dame fire"", ""Claim_Sentence"": ""By the time the fire was extinguished, the cathedral's wooden spire (fl\u00e8che) had collapsed, most of the wooden roof had been destroyed, and the cathedral's upper walls were severely damaged."", ""Extracted_Claims"": [""The fire was extinguished"", ""The cathedral's wooden spire (fl\u00e8che) collapsed"", ""Most of the cathedral's wooden roof was destroyed"", ""The cathedral's upper walls were severely damaged""], ""Video_Url"": ""http://cs.jhu.edu/~amart233/videos/3QtYT_Ac9Kc.mp4"", ""Video_Answers"": [false, true, true, true], ""Audio_Answers"": [false, true, false, false], ""OCR_Answers"": [false, false, false, false], ""Neither_Answers"": [true, false, false, false]}"
3JYPJ2TAYIDUL5A6Q3CNW109I4VPF6_A21H4IRGU6ORSZ,"{""Wiki_Title"": ""2018 Anchorage earthquake"", ""Claim_Sentence"": ""On November 30, 2018, at 8:29 a.m. AKST (17:29 UTC), a magnitude 7.1 earthquake hit Anchorage in South Central Alaska."", ""Extracted_Claims"": [""The earthquake occurred"", ""The earthquake occurred on November 30 2018"", ""The earthquake occurred at 8:29 a.m. AKST"", ""The earthquake hit Anchorage"", ""The earthquake hit South Central Alaska"", ""The earthquake had a magnitude of 7.1""], ""Video_Url"": ""http://cs.jhu.edu/~amart233/videos/DSkG2gEz-6Y.mp4"", ""Video_Answers"": [true, false, false, false, false, false], ""Audio_Answers"": [true, false, false, true, true, true], ""OCR_Answers"": [true, false, false, true, true, true], ""Neither_Answers"": [false, true, true, false, false, false]}"
3JYPJ2TAYIDUL5A6Q3CNW109I4VPF6_A11J530JMR0EVG,"{""Wiki_Title"": ""2018 Anchorage earthquake"", ""Claim_Sentence"": ""On November 30, 2018, at 8:29 a.m. AKST (17:29 UTC), a magnitude 7.1 earthquake hit Anchorage in South Central Alaska."", ""Extracted_Claims"": [""The earthquake occurred"", ""The earthquake occurred on November 30 2018"", ""The earthquake occurred at 8:29 a.m. AKST"", ""The earthquake hit Anchorage"", ""The earthquake hit South Central Alaska"", ""The earthquake had a magnitude of 7.1""], ""Video_Url"": ""http://cs.jhu.edu/~amart233/videos/DSkG2gEz-6Y.mp4"", ""Video_Answers"": [false, false, false, false, true, false], ""Audio_Answers"": [true, false, false, true, true, false], ""OCR_Answers"": [true, false, false, true, true, false], ""Neither_Answers"": [false, true, true, false, false, true]}"
3JYPJ2TAYIDUL5A6Q3CNW109I4VPF6_A11AN2HEMADVQS,"{""Wiki_Title"": ""2018 Anchorage earthquake"", ""Claim_Sentence"": ""On November 30, 2018, at 8:29 a.m. AKST (17:29 UTC), a magnitude 7.1 earthquake hit Anchorage in South Central Alaska."", ""Extracted_Claims"": [""The earthquake occurred"", ""The earthquake occurred on November 30 2018"", ""The earthquake occurred at 8:29 a.m. AKST"", ""The earthquake hit Anchorage"", ""The earthquake hit South Central Alaska"", ""The earthquake had a magnitude of 7.1""], ""Video_Url"": ""http://cs.jhu.edu/~amart233/videos/DSkG2gEz-6Y.mp4"", ""Video_Answers"": [true, false, false, true, true, false], ""Audio_Answers"": [true, false, false, true, true, false], ""OCR_Answers"": [false, false, false, true, true, false], ""Neither_Answers"": [false, true, true, false, false, true]}"
3JYPJ2TAYIDUL5A6Q3CNW109I4VPF6_A1O9KH81C40LKG,"{""Wiki_Title"": ""2018 Anchorage earthquake"", ""Claim_Sentence"": ""On November 30, 2018, at 8:29 a.m. AKST (17:29 UTC), a magnitude 7.1 earthquake hit Anchorage in South Central Alaska."", ""Extracted_Claims"": [""The earthquake occurred"", ""The earthquake occurred on November 30 2018"", ""The earthquake occurred at 8:29 a.m. AKST"", ""The earthquake hit Anchorage"", ""The earthquake hit South Central Alaska"", ""The earthquake had a magnitude of 7.1""], ""Video_Url"": ""http://cs.jhu.edu/~amart233/videos/DSkG2gEz-6Y.mp4"", ""Video_Answers"": [false, false, false, false, true, false], ""Audio_Answers"": [true, false, false, false, false, false], ""OCR_Answers"": [true, false, false, true, true, false], ""Neither_Answers"": [false, true, true, false, false, true]}"
3KL228NDMVRZOE9LOVDXI5EMP9PKGZ_A11AN2HEMADVQS,"{""Wiki_Title"": ""Hurricane Irma"", ""Claim_Sentence"": ""Early on September 6, Irma peaked with 1-minute sustained winds of and a minimum pressure of ."", ""Extracted_Claims"": [""Irma\u2019s intensity peaked on September 6"", ""Irma's highest 1-minute sustained winds was 180 mph"", ""Irma's highest minimum pressure was 914 hPa""], ""Video_Url"": ""http://cs.jhu.edu/~amart233/videos/0fXN4hBjQQg.mp4"", ""Video_Answers"": [false, true, false], ""Audio_Answers"": [false, true, false], ""OCR_Answers"": [true, false, false], ""Neither_Answers"": [false, false, true]}"
3KL228NDMVRZOE9LOVDXI5EMP9PKGZ_A1O9KH81C40LKG,"{""Wiki_Title"": ""Hurricane Irma"", ""Claim_Sentence"": ""Early on September 6, Irma peaked with 1-minute sustained winds of and a minimum pressure of ."", ""Extracted_Claims"": [""Irma\u2019s intensity peaked on September 6"", ""Irma's highest 1-minute sustained winds was 180 mph"", ""Irma's highest minimum pressure was 914 hPa""], ""Video_Url"": ""http://cs.jhu.edu/~amart233/videos/0fXN4hBjQQg.mp4"", ""Video_Answers"": [false, false, false], ""Audio_Answers"": [false, true, false], ""OCR_Answers"": [true, true, false], ""Neither_Answers"": [false, false, true]}"
3KL228NDMVRZOE9LOVDXI5EMP9PKGZ_A11J530JMR0EVG,"{""Wiki_Title"": ""Hurricane Irma"", ""Claim_Sentence"": ""Early on September 6, Irma peaked with 1-minute sustained winds of and a minimum pressure of ."", ""Extracted_Claims"": [""Irma\u2019s intensity peaked on September 6"", ""Irma's highest 1-minute sustained winds was 180 mph"", ""Irma's highest minimum pressure was 914 hPa""], ""Video_Url"": ""http://cs.jhu.edu/~amart233/videos/0fXN4hBjQQg.mp4"", ""Video_Answers"": [false, false, false], ""Audio_Answers"": [false, true, true], ""OCR_Answers"": [true, true, true], ""Neither_Answers"": [false, false, false]}"
3KL228NDMVRZOE9LOVDXI5EMP9PKGZ_A21H4IRGU6ORSZ,"{""Wiki_Title"": ""Hurricane Irma"", ""Claim_Sentence"": ""Early on September 6, Irma peaked with 1-minute sustained winds of and a minimum pressure of ."", ""Extracted_Claims"": [""Irma\u2019s intensity peaked on September 6"", ""Irma's highest 1-minute sustained winds was 180 mph"", ""Irma's highest minimum pressure was 914 hPa""], ""Video_Url"": ""http://cs.jhu.edu/~amart233/videos/0fXN4hBjQQg.mp4"", ""Video_Answers"": [false, false, false], ""Audio_Answers"": [false, true, false], ""OCR_Answers"": [true, true, true], ""Neither_Answers"": [false, false, false]}"
3M93N4X8HKS73ZCU1A7264XCYVJSJS_A11J530JMR0EVG,"{""Wiki_Title"": ""Notre-Dame fire"", ""Claim_Sentence"": ""Three emergency workers were injured."", ""Extracted_Claims"": [""Three emergency workers were injured"", ""Emergency workers were present during the fire""], ""Video_Url"": ""http://cs.jhu.edu/~amart233/videos/3QtYT_Ac9Kc.mp4"", ""Video_Answers"": [false, true], ""Audio_Answers"": [false, true], ""OCR_Answers"": [false, false], ""Neither_Answers"": [true, false]}"
3M93N4X8HKS73ZCU1A7264XCYVJSJS_A21H4IRGU6ORSZ,"{""Wiki_Title"": ""Notre-Dame fire"", ""Claim_Sentence"": ""Three emergency workers were injured."", ""Extracted_Claims"": [""Three emergency workers were injured"", ""Emergency workers were present during the fire""], ""Video_Url"": ""http://cs.jhu.edu/~amart233/videos/3QtYT_Ac9Kc.mp4"", ""Video_Answers"": [false, false], ""Audio_Answers"": [false, false], ""OCR_Answers"": [false, false], ""Neither_Answers"": [true, true]}"
3M93N4X8HKS73ZCU1A7264XCYVJSJS_A1O9KH81C40LKG,"{""Wiki_Title"": ""Notre-Dame fire"", ""Claim_Sentence"": ""Three emergency workers were injured."", ""Extracted_Claims"": [""Three emergency workers were injured"", ""Emergency workers were present during the fire""], ""Video_Url"": ""http://cs.jhu.edu/~amart233/videos/3QtYT_Ac9Kc.mp4"", ""Video_Answers"": [false, false], ""Audio_Answers"": [false, false], ""OCR_Answers"": [false, false], ""Neither_Answers"": [true, true]}"
3M93N4X8HKS73ZCU1A7264XCYVJSJS_A11AN2HEMADVQS,"{""Wiki_Title"": ""Notre-Dame fire"", ""Claim_Sentence"": ""Three emergency workers were injured."", ""Extracted_Claims"": [""Three emergency workers were injured"", ""Emergency workers were present during the fire""], ""Video_Url"": ""http://cs.jhu.edu/~amart233/videos/3QtYT_Ac9Kc.mp4"", ""Video_Answers"": [false, false], ""Audio_Answers"": [false, false], ""OCR_Answers"": [false, false], ""Neither_Answers"": [true, true]}"
3MNJFORX8B9QSVSN6O39YVVSR4UF5A_A1O9KH81C40LKG,"{""Wiki_Title"": ""Notre-Dame fire"", ""Claim_Sentence"": ""Extensive damage to the interior was prevented by the vaulted stone ceiling, which largely contained the burning roof as it collapsed."", ""Extracted_Claims"": [""Extensive damage to the cathedral's interior was prevented"", ""The vaulted stone ceiling prevented extensive damage to the cathedral\u2019s interior"", ""The vaulted stone ceiling largely contained the burning roof"", ""The cathedral's burning roof collapsed""], ""Video_Url"": ""http://cs.jhu.edu/~amart233/videos/3QtYT_Ac9Kc.mp4"", ""Video_Answers"": [false, false, false, false], ""Audio_Answers"": [false, false, false, false], ""OCR_Answers"": [false, false, false, false], ""Neither_Answers"": [true, true, true, true]}"
3MNJFORX8B9QSVSN6O39YVVSR4UF5A_A21H4IRGU6ORSZ,"{""Wiki_Title"": ""Notre-Dame fire"", ""Claim_Sentence"": ""Extensive damage to the interior was prevented by the vaulted stone ceiling, which largely contained the burning roof as it collapsed."", ""Extracted_Claims"": [""Extensive damage to the cathedral's interior was prevented"", ""The vaulted stone ceiling prevented extensive damage to the cathedral\u2019s interior"", ""The vaulted stone ceiling largely contained the burning roof"", ""The cathedral's burning roof collapsed""], ""Video_Url"": ""http://cs.jhu.edu/~amart233/videos/3QtYT_Ac9Kc.mp4"", ""Video_Answers"": [false, false, false, true], ""Audio_Answers"": [false, false, false, false], ""OCR_Answers"": [false, false, false, false], ""Neither_Answers"": [true, true, true, false]}"
3MNJFORX8B9QSVSN6O39YVVSR4UF5A_A11J530JMR0EVG,"{""Wiki_Title"": ""Notre-Dame fire"", ""Claim_Sentence"": ""Extensive damage to the interior was prevented by the vaulted stone ceiling, which largely contained the burning roof as it collapsed."", ""Extracted_Claims"": [""Extensive damage to the cathedral's interior was prevented"", ""The vaulted stone ceiling prevented extensive damage to the cathedral\u2019s interior"", ""The vaulted stone ceiling largely contained the burning roof"", ""The cathedral's burning roof collapsed""], ""Video_Url"": ""http://cs.jhu.edu/~amart233/videos/3QtYT_Ac9Kc.mp4"", ""Video_Answers"": [false, false, false, true], ""Audio_Answers"": [false, false, false, false], ""OCR_Answers"": [false, false, false, false], ""Neither_Answers"": [true, true, true, false]}"
3MNJFORX8B9QSVSN6O39YVVSR4UF5A_A11AN2HEMADVQS,"{""Wiki_Title"": ""Notre-Dame fire"", ""Claim_Sentence"": ""Extensive damage to the interior was prevented by the vaulted stone ceiling, which largely contained the burning roof as it collapsed."", ""Extracted_Claims"": [""Extensive damage to the cathedral's interior was prevented"", ""The vaulted stone ceiling prevented extensive damage to the cathedral\u2019s interior"", ""The vaulted stone ceiling largely contained the burning roof"", ""The cathedral's burning roof collapsed""], ""Video_Url"": ""http://cs.jhu.edu/~amart233/videos/3QtYT_Ac9Kc.mp4"", ""Video_Answers"": [false, false, false, true], ""Audio_Answers"": [false, false, false, false], ""OCR_Answers"": [false, false, false, false], ""Neither_Answers"": [true, true, true, false]}"
3NOEP8XAU47BLR1RQXI9280GM9RXP5_A21H4IRGU6ORSZ,"{""Wiki_Title"": ""Hurricane Irma"", ""Claim_Sentence"": ""Irma then weakened to Category 3 status, prior to another landfall in Florida on Marco Island later that day."", ""Extracted_Claims"": [""Irma weakened to Category 3 on September 10"", ""Irma made landfall in Florida before landfall at Marco Island"", ""Irma made landfall at Marco Island"", ""Irma made landfall at Marco Island on September 10"", ""Irma made landfall on Marco Island as a Category 3 hurricane""], ""Video_Url"": ""http://cs.jhu.edu/~amart233/videos/0fXN4hBjQQg.mp4"", ""Video_Answers"": [false, false, false, false, false], ""Audio_Answers"": [false, false, false, false, false], ""OCR_Answers"": [false, false, false, false, false], ""Neither_Answers"": [true, true, true, true, true]}"
3NOEP8XAU47BLR1RQXI9280GM9RXP5_A1O9KH81C40LKG,"{""Wiki_Title"": ""Hurricane Irma"", ""Claim_Sentence"": ""Irma then weakened to Category 3 status, prior to another landfall in Florida on Marco Island later that day."", ""Extracted_Claims"": [""Irma weakened to Category 3 on September 10"", ""Irma made landfall in Florida before landfall at Marco Island"", ""Irma made landfall at Marco Island"", ""Irma made landfall at Marco Island on September 10"", ""Irma made landfall on Marco Island as a Category 3 hurricane""], ""Video_Url"": ""http://cs.jhu.edu/~amart233/videos/0fXN4hBjQQg.mp4"", ""Video_Answers"": [false, false, false, false, false], ""Audio_Answers"": [false, false, false, false, false], ""OCR_Answers"": [false, false, false, false, false], ""Neither_Answers"": [true, true, true, true, true]}"
3NOEP8XAU47BLR1RQXI9280GM9RXP5_A11AN2HEMADVQS,"{""Wiki_Title"": ""Hurricane Irma"", ""Claim_Sentence"": ""Irma then weakened to Category 3 status, prior to another landfall in Florida on Marco Island later that day."", ""Extracted_Claims"": [""Irma weakened to Category 3 on September 10"", ""Irma made landfall in Florida before landfall at Marco Island"", ""Irma made landfall at Marco Island"", ""Irma made landfall at Marco Island on September 10"", ""Irma made landfall on Marco Island as a Category 3 hurricane""], ""Video_Url"": ""http://cs.jhu.edu/~amart233/videos/0fXN4hBjQQg.mp4"", ""Video_Answers"": [false, true, false, false, false], ""Audio_Answers"": [false, true, false, false, false], ""OCR_Answers"": [false, false, false, false, false], ""Neither_Answers"": [true, false, true, true, true]}"
3NOEP8XAU47BLR1RQXI9280GM9RXP5_A11J530JMR0EVG,"{""Wiki_Title"": ""Hurricane Irma"", ""Claim_Sentence"": ""Irma then weakened to Category 3 status, prior to another landfall in Florida on Marco Island later that day."", ""Extracted_Claims"": [""Irma weakened to Category 3 on September 10"", ""Irma made landfall in Florida before landfall at Marco Island"", ""Irma made landfall at Marco Island"", ""Irma made landfall at Marco Island on September 10"", ""Irma made landfall on Marco Island as a Category 3 hurricane""], ""Video_Url"": ""http://cs.jhu.edu/~amart233/videos/0fXN4hBjQQg.mp4"", ""Video_Answers"": [false, false, false, false, false], ""Audio_Answers"": [false, false, false, false, false], ""OCR_Answers"": [false, false, false, false, false], ""Neither_Answers"": [true, true, true, true, true]}"
3O71U79SRBUX47IF47KUMWPT2PESMW_A1O9KH81C40LKG,"{""Wiki_Title"": ""2018 Anchorage earthquake"", ""Claim_Sentence"": ""The earthquake's epicenter was near Point Mackenzie, about north of Anchorage, and occurred at a depth of ."", ""Extracted_Claims"": [""The earthquake\u2019s epicenter was near Point Mackenzie"", ""The earthquake\u2019s epicenter was 10 miles north of Anchorage"", ""The earthquake occurred at a depth of 29 miles""], ""Video_Url"": ""http://cs.jhu.edu/~amart233/videos/DSkG2gEz-6Y.mp4"", ""Video_Answers"": [false, false, false], ""Audio_Answers"": [false, false, false], ""OCR_Answers"": [false, false, false], ""Neither_Answers"": [true, true, true]}"
3O71U79SRBUX47IF47KUMWPT2PESMW_A11J530JMR0EVG,"{""Wiki_Title"": ""2018 Anchorage earthquake"", ""Claim_Sentence"": ""The earthquake's epicenter was near Point Mackenzie, about north of Anchorage, and occurred at a depth of ."", ""Extracted_Claims"": [""The earthquake\u2019s epicenter was near Point Mackenzie"", ""The earthquake\u2019s epicenter was 10 miles north of Anchorage"", ""The earthquake occurred at a depth of 29 miles""], ""Video_Url"": ""http://cs.jhu.edu/~amart233/videos/DSkG2gEz-6Y.mp4"", ""Video_Answers"": [false, false, false], ""Audio_Answers"": [false, false, false], ""OCR_Answers"": [false, false, false], ""Neither_Answers"": [true, true, true]}"
3O71U79SRBUX47IF47KUMWPT2PESMW_A11AN2HEMADVQS,"{""Wiki_Title"": ""2018 Anchorage earthquake"", ""Claim_Sentence"": ""The earthquake's epicenter was near Point Mackenzie, about north of Anchorage, and occurred at a depth of ."", ""Extracted_Claims"": [""The earthquake\u2019s epicenter was near Point Mackenzie"", ""The earthquake\u2019s epicenter was 10 miles north of Anchorage"", ""The earthquake occurred at a depth of 29 miles""], ""Video_Url"": ""http://cs.jhu.edu/~amart233/videos/DSkG2gEz-6Y.mp4"", ""Video_Answers"": [false, false, false], ""Audio_Answers"": [false, true, false], ""OCR_Answers"": [false, false, false], ""Neither_Answers"": [true, false, true]}"
3O71U79SRBUX47IF47KUMWPT2PESMW_A21H4IRGU6ORSZ,"{""Wiki_Title"": ""2018 Anchorage earthquake"", ""Claim_Sentence"": ""The earthquake's epicenter was near Point Mackenzie, about north of Anchorage, and occurred at a depth of ."", ""Extracted_Claims"": [""The earthquake\u2019s epicenter was near Point Mackenzie"", ""The earthquake\u2019s epicenter was 10 miles north of Anchorage"", ""The earthquake occurred at a depth of 29 miles""], ""Video_Url"": ""http://cs.jhu.edu/~amart233/videos/DSkG2gEz-6Y.mp4"", ""Video_Answers"": [false, false, false], ""Audio_Answers"": [false, true, false], ""OCR_Answers"": [false, false, false], ""Neither_Answers"": [true, false, true]}"
3S1L4CQSFXANY1441KUQ66BEJIVFAG_A21H4IRGU6ORSZ,"{""Wiki_Title"": ""2018 Anchorage earthquake"", ""Claim_Sentence"": ""The National Tsunami Warning Center\u2014itself located inside the quake zone, in Palmer, Alaska, northeast of Anchorage\u2014issued tsunami warnings for nearby coastal areas, including Cook Inlet and the Kenai Peninsula, but they were lifted shortly after."", ""Extracted_Claims"": [""The National Tsunami Warning Center is located inside the quake zone"", ""The National Tsunami Warning Center is located in Palmer, Alaska"", ""The National Tsunami Warning Center is located 42 miles northeast of Anchorage"", ""The National Tsunami Warning Center issued tsunami warnings"", ""Tsunami warnings were issued for nearby coastal areas"", ""Tsunami warnings were issued for Cook Inlet"", ""Tsunami warnings were issued for the Kenai Peninsula"", ""Tsunami warnings were lifted shortly after being issued"", ""Tsunami warnings for nearby coastal areas were lifted"", ""Tsunami warnings for Cook Inlet were lifted"", ""Tsunami warnings for the Kenai Peninsula were lifted""], ""Video_Url"": ""http://cs.jhu.edu/~amart233/videos/DSkG2gEz-6Y.mp4"", ""Video_Answers"": [false, false, false, false, false, false, false, false, false, false, false], ""Audio_Answers"": [false, false, false, false, false, false, false, false, false, false, false], ""OCR_Answers"": [false, false, false, false, false, false, false, false, false, false, false], ""Neither_Answers"": [true, true, true, true, true, true, true, true, true, true, true]}"
3S1L4CQSFXANY1441KUQ66BEJIVFAG_A1O9KH81C40LKG,"{""Wiki_Title"": ""2018 Anchorage earthquake"", ""Claim_Sentence"": ""The National Tsunami Warning Center\u2014itself located inside the quake zone, in Palmer, Alaska, northeast of Anchorage\u2014issued tsunami warnings for nearby coastal areas, including Cook Inlet and the Kenai Peninsula, but they were lifted shortly after."", ""Extracted_Claims"": [""The National Tsunami Warning Center is located inside the quake zone"", ""The National Tsunami Warning Center is located in Palmer, Alaska"", ""The National Tsunami Warning Center is located 42 miles northeast of Anchorage"", ""The National Tsunami Warning Center issued tsunami warnings"", ""Tsunami warnings were issued for nearby coastal areas"", ""Tsunami warnings were issued for Cook Inlet"", ""Tsunami warnings were issued for the Kenai Peninsula"", ""Tsunami warnings were lifted shortly after being issued"", ""Tsunami warnings for nearby coastal areas were lifted"", ""Tsunami warnings for Cook Inlet were lifted"", ""Tsunami warnings for the Kenai Peninsula were lifted""], ""Video_Url"": ""http://cs.jhu.edu/~amart233/videos/DSkG2gEz-6Y.mp4"", ""Video_Answers"": [false, false, false, false, false, false, false, false, false, false, false], ""Audio_Answers"": [false, false, false, false, false, false, false, false, false, false, false], ""OCR_Answers"": [false, false, false, false, true, false, false, false, false, false, false], ""Neither_Answers"": [true, true, true, true, false, true, true, true, true, true, true]}"
3S1L4CQSFXANY1441KUQ66BEJIVFAG_A11AN2HEMADVQS,"{""Wiki_Title"": ""2018 Anchorage earthquake"", ""Claim_Sentence"": ""The National Tsunami Warning Center\u2014itself located inside the quake zone, in Palmer, Alaska, northeast of Anchorage\u2014issued tsunami warnings for nearby coastal areas, including Cook Inlet and the Kenai Peninsula, but they were lifted shortly after."", ""Extracted_Claims"": [""The National Tsunami Warning Center is located inside the quake zone"", ""The National Tsunami Warning Center is located in Palmer, Alaska"", ""The National Tsunami Warning Center is located 42 miles northeast of Anchorage"", ""The National Tsunami Warning Center issued tsunami warnings"", ""Tsunami warnings were issued for nearby coastal areas"", ""Tsunami warnings were issued for Cook Inlet"", ""Tsunami warnings were issued for the Kenai Peninsula"", ""Tsunami warnings were lifted shortly after being issued"", ""Tsunami warnings for nearby coastal areas were lifted"", ""Tsunami warnings for Cook Inlet were lifted"", ""Tsunami warnings for the Kenai Peninsula were lifted""], ""Video_Url"": ""http://cs.jhu.edu/~amart233/videos/DSkG2gEz-6Y.mp4"", ""Video_Answers"": [false, false, false, true, false, false, false, false, false, false, false], ""Audio_Answers"": [false, false, false, false, false, false, false, false, false, false, false], ""OCR_Answers"": [false, false, false, false, false, false, false, false, false, false, false], ""Neither_Answers"": [true, true, true, false, true, true, true, true, true, true, true]}"
3S1L4CQSFXANY1441KUQ66BEJIVFAG_A11J530JMR0EVG,"{""Wiki_Title"": ""2018 Anchorage earthquake"", ""Claim_Sentence"": ""The National Tsunami Warning Center\u2014itself located inside the quake zone, in Palmer, Alaska, northeast of Anchorage\u2014issued tsunami warnings for nearby coastal areas, including Cook Inlet and the Kenai Peninsula, but they were lifted shortly after."", ""Extracted_Claims"": [""The National Tsunami Warning Center is located inside the quake zone"", ""The National Tsunami Warning Center is located in Palmer, Alaska"", ""The National Tsunami Warning Center is located 42 miles northeast of Anchorage"", ""The National Tsunami Warning Center issued tsunami warnings"", ""Tsunami warnings were issued for nearby coastal areas"", ""Tsunami warnings were issued for Cook Inlet"", ""Tsunami warnings were issued for the Kenai Peninsula"", ""Tsunami warnings were lifted shortly after being issued"", ""Tsunami warnings for nearby coastal areas were lifted"", ""Tsunami warnings for Cook Inlet were lifted"", ""Tsunami warnings for the Kenai Peninsula were lifted""], ""Video_Url"": ""http://cs.jhu.edu/~amart233/videos/DSkG2gEz-6Y.mp4"", ""Video_Answers"": [false, false, false, false, false, false, false, false, false, false, false], ""Audio_Answers"": [false, false, false, false, false, false, false, false, false, false, false], ""OCR_Answers"": [false, false, false, true, false, false, false, false, false, false, false], ""Neither_Answers"": [true, true, true, false, true, true, true, true, true, true, true]}"
3SMIWMMK61A9OW4XXELHAV98LODUW5_A11J530JMR0EVG,"{""Wiki_Title"": ""Hurricane Irma"", ""Claim_Sentence"": ""Although Irma briefly weakened to a Category 2 storm while making landfall on Cuba, the system re-intensified to Category 4 status as it crossed the warm waters of the Straits of Florida, before making landfall on Cudjoe Key on September 10."", ""Extracted_Claims"": [""Irma made landfall on Cuba"", ""Irma weakened to a Category 2 storm while making landfall on Cuba"", ""Irma regained Category 4 status"", ""Irma cross the Straits of Florida"", ""Irma made landfall on Cudjoe Key"", ""Irma made landfall on Cudjoe Key on September 10"", ""Irma made landfall on Cudjoe Key after crossing the Straits of Florida"", ""The warm waters of the Straits of Florida helped Irma re-intensify to Category 4""], ""Video_Url"": ""http://cs.jhu.edu/~amart233/videos/0fXN4hBjQQg.mp4"", ""Video_Answers"": [true, false, false, false, false, false, false, false], ""Audio_Answers"": [true, false, false, false, false, false, false, false], ""OCR_Answers"": [true, false, false, false, false, false, false, false], ""Neither_Answers"": [false, true, true, true, true, true, true, true]}"
3SMIWMMK61A9OW4XXELHAV98LODUW5_A1O9KH81C40LKG,"{""Wiki_Title"": ""Hurricane Irma"", ""Claim_Sentence"": ""Although Irma briefly weakened to a Category 2 storm while making landfall on Cuba, the system re-intensified to Category 4 status as it crossed the warm waters of the Straits of Florida, before making landfall on Cudjoe Key on September 10."", ""Extracted_Claims"": [""Irma made landfall on Cuba"", ""Irma weakened to a Category 2 storm while making landfall on Cuba"", ""Irma regained Category 4 status"", ""Irma cross the Straits of Florida"", ""Irma made landfall on Cudjoe Key"", ""Irma made landfall on Cudjoe Key on September 10"", ""Irma made landfall on Cudjoe Key after crossing the Straits of Florida"", ""The warm waters of the Straits of Florida helped Irma re-intensify to Category 4""], ""Video_Url"": ""http://cs.jhu.edu/~amart233/videos/0fXN4hBjQQg.mp4"", ""Video_Answers"": [true, false, false, true, false, false, false, false], ""Audio_Answers"": [false, false, false, false, false, false, false, false], ""OCR_Answers"": [false, false, false, false, false, false, false, false], ""Neither_Answers"": [false, true, true, false, true, true, true, true]}"
3SMIWMMK61A9OW4XXELHAV98LODUW5_A11AN2HEMADVQS,"{""Wiki_Title"": ""Hurricane Irma"", ""Claim_Sentence"": ""Although Irma briefly weakened to a Category 2 storm while making landfall on Cuba, the system re-intensified to Category 4 status as it crossed the warm waters of the Straits of Florida, before making landfall on Cudjoe Key on September 10."", ""Extracted_Claims"": [""Irma made landfall on Cuba"", ""Irma weakened to a Category 2 storm while making landfall on Cuba"", ""Irma regained Category 4 status"", ""Irma cross the Straits of Florida"", ""Irma made landfall on Cudjoe Key"", ""Irma made landfall on Cudjoe Key on September 10"", ""Irma made landfall on Cudjoe Key after crossing the Straits of Florida"", ""The warm waters of the Straits of Florida helped Irma re-intensify to Category 4""], ""Video_Url"": ""http://cs.jhu.edu/~amart233/videos/0fXN4hBjQQg.mp4"", ""Video_Answers"": [true, false, false, true, false, false, false, false], ""Audio_Answers"": [true, false, false, false, false, false, false, false], ""OCR_Answers"": [true, false, true, false, false, false, false, false], ""Neither_Answers"": [false, true, false, false, true, true, true, true]}"
3SMIWMMK61A9OW4XXELHAV98LODUW5_A21H4IRGU6ORSZ,"{""Wiki_Title"": ""Hurricane Irma"", ""Claim_Sentence"": ""Although Irma briefly weakened to a Category 2 storm while making landfall on Cuba, the system re-intensified to Category 4 status as it crossed the warm waters of the Straits of Florida, before making landfall on Cudjoe Key on September 10."", ""Extracted_Claims"": [""Irma made landfall on Cuba"", ""Irma weakened to a Category 2 storm while making landfall on Cuba"", ""Irma regained Category 4 status"", ""Irma cross the Straits of Florida"", ""Irma made landfall on Cudjoe Key"", ""Irma made landfall on Cudjoe Key on September 10"", ""Irma made landfall on Cudjoe Key after crossing the Straits of Florida"", ""The warm waters of the Straits of Florida helped Irma re-intensify to Category 4""], ""Video_Url"": ""http://cs.jhu.edu/~amart233/videos/0fXN4hBjQQg.mp4"", ""Video_Answers"": [true, false, false, true, false, false, false, false], ""Audio_Answers"": [true, false, false, false, false, false, false, false], ""OCR_Answers"": [true, false, false, false, false, false, false, false], ""Neither_Answers"": [false, true, true, false, true, true, true, true]}"
3T2EL38U0MPWL326QAXY2DQQR5DXQW_A11J530JMR0EVG,"{""Wiki_Title"": ""Hurricane Irma"", ""Claim_Sentence"": ""It was also the third-strongest Atlantic hurricane at landfall ever recorded, just behind the 1935 Labor Day Hurricane and Dorian."", ""Extracted_Claims"": [""Irma was the third-strongest Atlantic hurricane at landfall ever recorded"", ""Irma occurred in the Atlantic"", ""The 1935 Labor Day Hurricane was stronger than Irma"", ""The 1935 Labor Day Hurricane occurred in the Atlantic"", ""Dorian was stronger than Irma"", ""Dorian occurred in the Atlantic""], ""Video_Url"": ""http://cs.jhu.edu/~amart233/videos/0fXN4hBjQQg.mp4"", ""Video_Answers"": [false, true, false, false, false, false], ""Audio_Answers"": [false, true, false, false, false, false], ""OCR_Answers"": [false, true, false, false, false, false], ""Neither_Answers"": [true, false, true, true, true, true]}"
3T2EL38U0MPWL326QAXY2DQQR5DXQW_A1O9KH81C40LKG,"{""Wiki_Title"": ""Hurricane Irma"", ""Claim_Sentence"": ""It was also the third-strongest Atlantic hurricane at landfall ever recorded, just behind the 1935 Labor Day Hurricane and Dorian."", ""Extracted_Claims"": [""Irma was the third-strongest Atlantic hurricane at landfall ever recorded"", ""Irma occurred in the Atlantic"", ""The 1935 Labor Day Hurricane was stronger than Irma"", ""The 1935 Labor Day Hurricane occurred in the Atlantic"", ""Dorian was stronger than Irma"", ""Dorian occurred in the Atlantic""], ""Video_Url"": ""http://cs.jhu.edu/~amart233/videos/0fXN4hBjQQg.mp4"", ""Video_Answers"": [false, true, false, false, false, false], ""Audio_Answers"": [false, false, false, false, false, false], ""OCR_Answers"": [false, true, false, false, false, false], ""Neither_Answers"": [true, false, true, true, true, true]}"
3T2EL38U0MPWL326QAXY2DQQR5DXQW_A21H4IRGU6ORSZ,"{""Wiki_Title"": ""Hurricane Irma"", ""Claim_Sentence"": ""It was also the third-strongest Atlantic hurricane at landfall ever recorded, just behind the 1935 Labor Day Hurricane and Dorian."", ""Extracted_Claims"": [""Irma was the third-strongest Atlantic hurricane at landfall ever recorded"", ""Irma occurred in the Atlantic"", ""The 1935 Labor Day Hurricane was stronger than Irma"", ""The 1935 Labor Day Hurricane occurred in the Atlantic"", ""Dorian was stronger than Irma"", ""Dorian occurred in the Atlantic""], ""Video_Url"": ""http://cs.jhu.edu/~amart233/videos/0fXN4hBjQQg.mp4"", ""Video_Answers"": [false, false, false, false, false, false], ""Audio_Answers"": [false, true, false, false, false, false], ""OCR_Answers"": [false, true, false, false, false, false], ""Neither_Answers"": [true, false, true, true, true, true]}"
3T2EL38U0MPWL326QAXY2DQQR5DXQW_A11AN2HEMADVQS,"{""Wiki_Title"": ""Hurricane Irma"", ""Claim_Sentence"": ""It was also the third-strongest Atlantic hurricane at landfall ever recorded, just behind the 1935 Labor Day Hurricane and Dorian."", ""Extracted_Claims"": [""Irma was the third-strongest Atlantic hurricane at landfall ever recorded"", ""Irma occurred in the Atlantic"", ""The 1935 Labor Day Hurricane was stronger than Irma"", ""The 1935 Labor Day Hurricane occurred in the Atlantic"", ""Dorian was stronger than Irma"", ""Dorian occurred in the Atlantic""], ""Video_Url"": ""http://cs.jhu.edu/~amart233/videos/0fXN4hBjQQg.mp4"", ""Video_Answers"": [false, true, false, false, false, false], ""Audio_Answers"": [false, true, false, false, false, false], ""OCR_Answers"": [false, true, false, false, false, false], ""Neither_Answers"": [true, false, true, true, true, true]}"
3UV0D2KX1MO8WCONSJKZT3PER8ZF45_A1O9KH81C40LKG,"{""Wiki_Title"": ""Notre-Dame fire"", ""Claim_Sentence"": ""On 15 April 2019, just before 18:20 CEST, a structural fire broke out in the roof space of Notre-Dame de Paris, a medieval Catholic cathedral in Paris, France."", ""Extracted_Claims"": [""A structural fire broke out"", ""The fire broke out on 15 April 2019"", ""The fire broke out just before 18:20 CEST"", ""The fire broke out in the roof space"", ""Notre-Dame de Paris is a medieval Catholic cathedral"", ""Notre-Dame de Paris is located in Paris, France""], ""Video_Url"": ""http://cs.jhu.edu/~amart233/videos/3QtYT_Ac9Kc.mp4"", ""Video_Answers"": [true, false, false, false, false, false], ""Audio_Answers"": [false, false, false, false, false, false], ""OCR_Answers"": [false, false, false, false, false, false], ""Neither_Answers"": [false, true, true, true, true, true]}"
3UV0D2KX1MO8WCONSJKZT3PER8ZF45_A11J530JMR0EVG,"{""Wiki_Title"": ""Notre-Dame fire"", ""Claim_Sentence"": ""On 15 April 2019, just before 18:20 CEST, a structural fire broke out in the roof space of Notre-Dame de Paris, a medieval Catholic cathedral in Paris, France."", ""Extracted_Claims"": [""A structural fire broke out"", ""The fire broke out on 15 April 2019"", ""The fire broke out just before 18:20 CEST"", ""The fire broke out in the roof space"", ""Notre-Dame de Paris is a medieval Catholic cathedral"", ""Notre-Dame de Paris is located in Paris, France""], ""Video_Url"": ""http://cs.jhu.edu/~amart233/videos/3QtYT_Ac9Kc.mp4"", ""Video_Answers"": [true, false, false, true, false, true], ""Audio_Answers"": [false, false, false, false, false, false], ""OCR_Answers"": [false, false, false, false, false, false], ""Neither_Answers"": [false, true, true, false, true, false]}"
3UV0D2KX1MO8WCONSJKZT3PER8ZF45_A21H4IRGU6ORSZ,"{""Wiki_Title"": ""Notre-Dame fire"", ""Claim_Sentence"": ""On 15 April 2019, just before 18:20 CEST, a structural fire broke out in the roof space of Notre-Dame de Paris, a medieval Catholic cathedral in Paris, France."", ""Extracted_Claims"": [""A structural fire broke out"", ""The fire broke out on 15 April 2019"", ""The fire broke out just before 18:20 CEST"", ""The fire broke out in the roof space"", ""Notre-Dame de Paris is a medieval Catholic cathedral"", ""Notre-Dame de Paris is located in Paris, France""], ""Video_Url"": ""http://cs.jhu.edu/~amart233/videos/3QtYT_Ac9Kc.mp4"", ""Video_Answers"": [true, false, false, true, false, false], ""Audio_Answers"": [false, false, false, false, false, false], ""OCR_Answers"": [false, false, false, false, false, false], ""Neither_Answers"": [false, true, true, false, true, true]}"
3UV0D2KX1MO8WCONSJKZT3PER8ZF45_A11AN2HEMADVQS,"{""Wiki_Title"": ""Notre-Dame fire"", ""Claim_Sentence"": ""On 15 April 2019, just before 18:20 CEST, a structural fire broke out in the roof space of Notre-Dame de Paris, a medieval Catholic cathedral in Paris, France."", ""Extracted_Claims"": [""A structural fire broke out"", ""The fire broke out on 15 April 2019"", ""The fire broke out just before 18:20 CEST"", ""The fire broke out in the roof space"", ""Notre-Dame de Paris is a medieval Catholic cathedral"", ""Notre-Dame de Paris is located in Paris, France""], ""Video_Url"": ""http://cs.jhu.edu/~amart233/videos/3QtYT_Ac9Kc.mp4"", ""Video_Answers"": [true, false, false, false, true, true], ""Audio_Answers"": [false, false, false, false, false, false], ""OCR_Answers"": [false, false, false, false, false, false], ""Neither_Answers"": [false, true, true, true, false, false]}"
3X878VYTIEN5FZ66UHI6WF9OIAPF7P_A11AN2HEMADVQS,"{""Wiki_Title"": ""Notre-Dame fire"", ""Claim_Sentence"": ""Many works of art and religious relics were moved to safety, but others suffered smoke damage, and some of the exterior art was damaged or destroyed."", ""Extracted_Claims"": [""Many works of art were moved to safety"", ""Many religious relics were moved to safety"", ""Some works of art suffered smoke damage"", ""Some religious relics suffered smoke damage"", ""Some of the exterior art was damaged"", ""Some of the exterior art was destroyed""], ""Video_Url"": ""http://cs.jhu.edu/~amart233/videos/3QtYT_Ac9Kc.mp4"", ""Video_Answers"": [false, false, false, false, false, false], ""Audio_Answers"": [false, false, false, false, false, false], ""OCR_Answers"": [false, false, false, false, false, false], ""Neither_Answers"": [true, true, true, true, true, true]}"
3X878VYTIEN5FZ66UHI6WF9OIAPF7P_A21H4IRGU6ORSZ,"{""Wiki_Title"": ""Notre-Dame fire"", ""Claim_Sentence"": ""Many works of art and religious relics were moved to safety, but others suffered smoke damage, and some of the exterior art was damaged or destroyed."", ""Extracted_Claims"": [""Many works of art were moved to safety"", ""Many religious relics were moved to safety"", ""Some works of art suffered smoke damage"", ""Some religious relics suffered smoke damage"", ""Some of the exterior art was damaged"", ""Some of the exterior art was destroyed""], ""Video_Url"": ""http://cs.jhu.edu/~amart233/videos/3QtYT_Ac9Kc.mp4"", ""Video_Answers"": [false, false, false, false, false, false], ""Audio_Answers"": [false, false, false, false, false, false], ""OCR_Answers"": [false, false, false, false, false, false], ""Neither_Answers"": [true, true, true, true, true, true]}"
3X878VYTIEN5FZ66UHI6WF9OIAPF7P_A11J530JMR0EVG,"{""Wiki_Title"": ""Notre-Dame fire"", ""Claim_Sentence"": ""Many works of art and religious relics were moved to safety, but others suffered smoke damage, and some of the exterior art was damaged or destroyed."", ""Extracted_Claims"": [""Many works of art were moved to safety"", ""Many religious relics were moved to safety"", ""Some works of art suffered smoke damage"", ""Some religious relics suffered smoke damage"", ""Some of the exterior art was damaged"", ""Some of the exterior art was destroyed""], ""Video_Url"": ""http://cs.jhu.edu/~amart233/videos/3QtYT_Ac9Kc.mp4"", ""Video_Answers"": [false, false, false, false, true, true], ""Audio_Answers"": [false, false, false, false, false, false], ""OCR_Answers"": [false, false, false, false, false, false], ""Neither_Answers"": [true, true, true, true, false, false]}"
3X878VYTIEN5FZ66UHI6WF9OIAPF7P_A1O9KH81C40LKG,"{""Wiki_Title"": ""Notre-Dame fire"", ""Claim_Sentence"": ""Many works of art and religious relics were moved to safety, but others suffered smoke damage, and some of the exterior art was damaged or destroyed."", ""Extracted_Claims"": [""Many works of art were moved to safety"", ""Many religious relics were moved to safety"", ""Some works of art suffered smoke damage"", ""Some religious relics suffered smoke damage"", ""Some of the exterior art was damaged"", ""Some of the exterior art was destroyed""], ""Video_Url"": ""http://cs.jhu.edu/~amart233/videos/3QtYT_Ac9Kc.mp4"", ""Video_Answers"": [false, false, false, false, false, false], ""Audio_Answers"": [false, false, false, false, false, false], ""OCR_Answers"": [false, false, false, false, false, false], ""Neither_Answers"": [true, true, true, true, true, true]}"
3Y40HMYLL1NODW9N7JH3CENFUQJUXY_A11AN2HEMADVQS,"{""Wiki_Title"": ""Hurricane Irma"", ""Claim_Sentence"": ""Irma was the first Category 5 hurricane to strike the Leeward Islands on record, followed by Maria two weeks later."", ""Extracted_Claims"": [""Irma was a Category 5 hurricane"", ""Irma struck the Leeward Islands"", ""Maria struck the Leeward Islands"", ""Maria struck the Leeward Islands two weeks after Irma"", ""Irma was the first recorded Category 5 hurricane to strike the Leeward Islands""], ""Video_Url"": ""http://cs.jhu.edu/~amart233/videos/0fXN4hBjQQg.mp4"", ""Video_Answers"": [false, true, false, false, false], ""Audio_Answers"": [true, false, false, false, false], ""OCR_Answers"": [true, false, false, false, false], ""Neither_Answers"": [false, false, true, true, true]}"
3Y40HMYLL1NODW9N7JH3CENFUQJUXY_A21H4IRGU6ORSZ,"{""Wiki_Title"": ""Hurricane Irma"", ""Claim_Sentence"": ""Irma was the first Category 5 hurricane to strike the Leeward Islands on record, followed by Maria two weeks later."", ""Extracted_Claims"": [""Irma was a Category 5 hurricane"", ""Irma struck the Leeward Islands"", ""Maria struck the Leeward Islands"", ""Maria struck the Leeward Islands two weeks after Irma"", ""Irma was the first recorded Category 5 hurricane to strike the Leeward Islands""], ""Video_Url"": ""http://cs.jhu.edu/~amart233/videos/0fXN4hBjQQg.mp4"", ""Video_Answers"": [false, false, false, false, false], ""Audio_Answers"": [true, false, false, false, false], ""OCR_Answers"": [true, false, false, false, false], ""Neither_Answers"": [false, true, true, true, true]}"
3Y40HMYLL1NODW9N7JH3CENFUQJUXY_A11J530JMR0EVG,"{""Wiki_Title"": ""Hurricane Irma"", ""Claim_Sentence"": ""Irma was the first Category 5 hurricane to strike the Leeward Islands on record, followed by Maria two weeks later."", ""Extracted_Claims"": [""Irma was a Category 5 hurricane"", ""Irma struck the Leeward Islands"", ""Maria struck the Leeward Islands"", ""Maria struck the Leeward Islands two weeks after Irma"", ""Irma was the first recorded Category 5 hurricane to strike the Leeward Islands""], ""Video_Url"": ""http://cs.jhu.edu/~amart233/videos/0fXN4hBjQQg.mp4"", ""Video_Answers"": [false, true, false, false, false], ""Audio_Answers"": [true, false, false, false, false], ""OCR_Answers"": [true, false, false, false, false], ""Neither_Answers"": [false, false, true, true, true]}"
3Y40HMYLL1NODW9N7JH3CENFUQJUXY_A1O9KH81C40LKG,"{""Wiki_Title"": ""Hurricane Irma"", ""Claim_Sentence"": ""Irma was the first Category 5 hurricane to strike the Leeward Islands on record, followed by Maria two weeks later."", ""Extracted_Claims"": [""Irma was a Category 5 hurricane"", ""Irma struck the Leeward Islands"", ""Maria struck the Leeward Islands"", ""Maria struck the Leeward Islands two weeks after Irma"", ""Irma was the first recorded Category 5 hurricane to strike the Leeward Islands""], ""Video_Url"": ""http://cs.jhu.edu/~amart233/videos/0fXN4hBjQQg.mp4"", ""Video_Answers"": [false, false, false, false, false], ""Audio_Answers"": [true, false, false, false, false], ""OCR_Answers"": [true, false, false, false, false], ""Neither_Answers"": [false, true, true, true, true]}"
3YCT0L9OMME3MP3FG8ZUZBET7FOSNW_A1O9KH81C40LKG,"{""Wiki_Title"": ""2018 Anchorage earthquake"", ""Claim_Sentence"": ""The earthquake could be felt as far away as Fairbanks."", ""Extracted_Claims"": [""The earthquake occurred"", ""The earthquake could be felt in Fairbanks"", ""The earthquake could in locations between the epicenter and Fairbanks""], ""Video_Url"": ""http://cs.jhu.edu/~amart233/videos/DSkG2gEz-6Y.mp4"", ""Video_Answers"": [false, false, false], ""Audio_Answers"": [true, false, false], ""OCR_Answers"": [true, false, false], ""Neither_Answers"": [false, true, true]}"
3YCT0L9OMME3MP3FG8ZUZBET7FOSNW_A11J530JMR0EVG,"{""Wiki_Title"": ""2018 Anchorage earthquake"", ""Claim_Sentence"": ""The earthquake could be felt as far away as Fairbanks."", ""Extracted_Claims"": [""The earthquake occurred"", ""The earthquake could be felt in Fairbanks"", ""The earthquake could in locations between the epicenter and Fairbanks""], ""Video_Url"": ""http://cs.jhu.edu/~amart233/videos/DSkG2gEz-6Y.mp4"", ""Video_Answers"": [false, false, false], ""Audio_Answers"": [true, false, false], ""OCR_Answers"": [true, false, false], ""Neither_Answers"": [false, true, true]}"
3YCT0L9OMME3MP3FG8ZUZBET7FOSNW_A21H4IRGU6ORSZ,"{""Wiki_Title"": ""2018 Anchorage earthquake"", ""Claim_Sentence"": ""The earthquake could be felt as far away as Fairbanks."", ""Extracted_Claims"": [""The earthquake occurred"", ""The earthquake could be felt in Fairbanks"", ""The earthquake could in locations between the epicenter and Fairbanks""], ""Video_Url"": ""http://cs.jhu.edu/~amart233/videos/DSkG2gEz-6Y.mp4"", ""Video_Answers"": [false, false, false], ""Audio_Answers"": [true, false, false], ""OCR_Answers"": [true, false, false], ""Neither_Answers"": [false, true, true]}"
3YCT0L9OMME3MP3FG8ZUZBET7FOSNW_A11AN2HEMADVQS,"{""Wiki_Title"": ""2018 Anchorage earthquake"", ""Claim_Sentence"": ""The earthquake could be felt as far away as Fairbanks."", ""Extracted_Claims"": [""The earthquake occurred"", ""The earthquake could be felt in Fairbanks"", ""The earthquake could in locations between the epicenter and Fairbanks""], ""Video_Url"": ""http://cs.jhu.edu/~amart233/videos/DSkG2gEz-6Y.mp4"", ""Video_Answers"": [true, false, false], ""Audio_Answers"": [true, false, false], ""OCR_Answers"": [true, false, false], ""Neither_Answers"": [false, true, true]}"
3YLTXLH3DFBEZ11CLT0NZMCMYJ8PH4_A1O9KH81C40LKG,"{""Wiki_Title"": ""Hurricane Irma"", ""Claim_Sentence"": ""The ninth named storm, fourth hurricane, second major hurricane, and first Category 5 hurricane of the extremely active 2017 Atlantic hurricane season, Irma caused widespread and catastrophic damage throughout its long lifetime, particularly in the northeastern Caribbean and the Florida Keys."", ""Extracted_Claims"": [""Irma was the ninth named storm of the 2017 Atlantic hurricane season"", ""Irma was the fourth hurricane of the 2017 Atlantic hurricane season"", ""Irma was the second major hurricane of the 2017 Atlantic hurricane season"", ""Irma was the first Category 5 hurricane of the 2017 Atlantic hurricane season"", ""The  2017 Atlantic hurricane season was extremely active"", ""Irma caused widespread damage"", ""Irma caused catastrophic damage"", ""Irma's damage was particularly severe in the northeastern Caribbean"", ""Irma's damage was particularly severe in the Florida Keys"", ""Irma had a long lifetime"", ""Irma occurred during the 2017 Atlantic hurricane season""], ""Video_Url"": ""http://cs.jhu.edu/~amart233/videos/0fXN4hBjQQg.mp4"", ""Video_Answers"": [false, false, false, false, false, true, true, false, false, false, false], ""Audio_Answers"": [false, false, false, false, false, true, true, false, false, false, false], ""OCR_Answers"": [false, false, false, false, false, false, false, false, false, false, false], ""Neither_Answers"": [true, true, true, true, true, false, false, true, true, true, true]}"
3YLTXLH3DFBEZ11CLT0NZMCMYJ8PH4_A21H4IRGU6ORSZ,"{""Wiki_Title"": ""Hurricane Irma"", ""Claim_Sentence"": ""The ninth named storm, fourth hurricane, second major hurricane, and first Category 5 hurricane of the extremely active 2017 Atlantic hurricane season, Irma caused widespread and catastrophic damage throughout its long lifetime, particularly in the northeastern Caribbean and the Florida Keys."", ""Extracted_Claims"": [""Irma was the ninth named storm of the 2017 Atlantic hurricane season"", ""Irma was the fourth hurricane of the 2017 Atlantic hurricane season"", ""Irma was the second major hurricane of the 2017 Atlantic hurricane season"", ""Irma was the first Category 5 hurricane of the 2017 Atlantic hurricane season"", ""The  2017 Atlantic hurricane season was extremely active"", ""Irma caused widespread damage"", ""Irma caused catastrophic damage"", ""Irma's damage was particularly severe in the northeastern Caribbean"", ""Irma's damage was particularly severe in the Florida Keys"", ""Irma had a long lifetime"", ""Irma occurred during the 2017 Atlantic hurricane season""], ""Video_Url"": ""http://cs.jhu.edu/~amart233/videos/0fXN4hBjQQg.mp4"", ""Video_Answers"": [false, false, false, false, false, true, true, true, false, false, false], ""Audio_Answers"": [false, false, false, false, false, true, true, true, false, true, false], ""OCR_Answers"": [false, false, false, false, false, true, true, true, false, true, false], ""Neither_Answers"": [true, true, true, true, true, false, false, false, true, false, true]}"
3YLTXLH3DFBEZ11CLT0NZMCMYJ8PH4_A11AN2HEMADVQS,"{""Wiki_Title"": ""Hurricane Irma"", ""Claim_Sentence"": ""The ninth named storm, fourth hurricane, second major hurricane, and first Category 5 hurricane of the extremely active 2017 Atlantic hurricane season, Irma caused widespread and catastrophic damage throughout its long lifetime, particularly in the northeastern Caribbean and the Florida Keys."", ""Extracted_Claims"": [""Irma was the ninth named storm of the 2017 Atlantic hurricane season"", ""Irma was the fourth hurricane of the 2017 Atlantic hurricane season"", ""Irma was the second major hurricane of the 2017 Atlantic hurricane season"", ""Irma was the first Category 5 hurricane of the 2017 Atlantic hurricane season"", ""The  2017 Atlantic hurricane season was extremely active"", ""Irma caused widespread damage"", ""Irma caused catastrophic damage"", ""Irma's damage was particularly severe in the northeastern Caribbean"", ""Irma's damage was particularly severe in the Florida Keys"", ""Irma had a long lifetime"", ""Irma occurred during the 2017 Atlantic hurricane season""], ""Video_Url"": ""http://cs.jhu.edu/~amart233/videos/0fXN4hBjQQg.mp4"", ""Video_Answers"": [false, false, false, false, false, false, true, false, false, false, false], ""Audio_Answers"": [false, false, false, false, false, false, true, false, false, true, false], ""OCR_Answers"": [false, false, false, false, false, false, true, false, false, true, false], ""Neither_Answers"": [true, true, true, true, true, true, false, true, true, false, true]}"
3YLTXLH3DFBEZ11CLT0NZMCMYJ8PH4_A11J530JMR0EVG,"{""Wiki_Title"": ""Hurricane Irma"", ""Claim_Sentence"": ""The ninth named storm, fourth hurricane, second major hurricane, and first Category 5 hurricane of the extremely active 2017 Atlantic hurricane season, Irma caused widespread and catastrophic damage throughout its long lifetime, particularly in the northeastern Caribbean and the Florida Keys."", ""Extracted_Claims"": [""Irma was the ninth named storm of the 2017 Atlantic hurricane season"", ""Irma was the fourth hurricane of the 2017 Atlantic hurricane season"", ""Irma was the second major hurricane of the 2017 Atlantic hurricane season"", ""Irma was the first Category 5 hurricane of the 2017 Atlantic hurricane season"", ""The  2017 Atlantic hurricane season was extremely active"", ""Irma caused widespread damage"", ""Irma caused catastrophic damage"", ""Irma's damage was particularly severe in the northeastern Caribbean"", ""Irma's damage was particularly severe in the Florida Keys"", ""Irma had a long lifetime"", ""Irma occurred during the 2017 Atlantic hurricane season""], ""Video_Url"": ""http://cs.jhu.edu/~amart233/videos/0fXN4hBjQQg.mp4"", ""Video_Answers"": [false, false, false, false, false, true, true, false, false, false, false], ""Audio_Answers"": [false, false, false, false, false, true, true, false, false, false, false], ""OCR_Answers"": [false, false, false, false, false, true, true, false, false, false, false], ""Neither_Answers"": [true, true, true, true, true, false, false, true, true, true, true]}"
